,What is your name?,Please choose the first person you would like to work with:,Please choose the second person you would like to work with:,Please choose the third person you would like to work with:,Please list one person you would not like to work with:
1/6/2019 17:56:26,Allie,Brandon,Christine,David,Jakob
11/6/2019 18:09:50,Brandon,William,Simon,Jakob,David
11/6/2019 18:10:51,Christine,Melanie,Allie,Laura,Jane
11/6/2019 18:12:12,David,Laura,William,Jakob,Melanie
11/6/2019 18:14:00,Jakob,Simon,Melanie,Brandon,Christine
11/6/2019 18:20:59,Jane,Allie,Melanie,William,Brandon
11/6/2019 18:33:21,Laura,Brandon,Simon,Christine,William
11/6/2019 18:33:58,Melanie,Jakob,William,Allie,Simon
11/6/2019 18:34:04,Simon,,,,
11/6/2019 18:34:25,William,Jane,Laura,Brandon,David